{
  "info": {
    "name": "legion.cc API",
    "_postman_id": "legion-cc-postman",
    "schema": "https://schema.getpostman.com/json/collection/v2.1.0/collection.json"
  },
  "item": [
    {
      "name": "Health",
      "request": {
        "method": "GET",
        "header": [],
        "url": {
          "raw": "{{LEGION_API_URL}}/v1/health",
          "host": [
            "{{LEGION_API_URL}}"
          ],
          "path": [
            "v1",
            "health"
          ]
        }
      },
      "response": []
    },
    {
      "name": "Account",
      "request": {
        "method": "GET",
        "header": [
          {
            "key": "Authorization",
            "value": "Bearer {{LEGION_API_KEY}}"
          }
        ],
        "url": {
          "raw": "{{LEGION_API_URL}}/v1/accounts/0x123",
          "host": [
            "{{LEGION_API_URL}}"
          ],
          "path": [
            "v1",
            "accounts",
            "0x123"
          ]
        }
      },
      "response": []
    },
    {
      "name": "Echo",
      "request": {
        "method": "POST",
        "header": [
          {
            "key": "Authorization",
            "value": "Bearer {{LEGION_API_KEY}}"
          },
          {
            "key": "Content-Type",
            "value": "application/json"
          }
        ],
        "body": {
          "mode": "raw",
          "raw": "{\"hello\":\"world\"}"
        },
        "url": {
          "raw": "{{LEGION_API_URL}}/v1/echo",
          "host": [
            "{{LEGION_API_URL}}"
          ],
          "path": [
            "v1",
            "echo"
          ]
        }
      },
      "response": []
    }
  ],
  "variable": [
    {
      "key": "LEGION_API_URL",
      "value": "http://localhost:3000"
    },
    {
      "key": "LEGION_API_KEY",
      "value": "demo-key"
    }
  ]
}